month,farebox
2018-12,2979.82000000002
2019-01,42.836296296296304
2019-02,21.709411764705884
2019-03,29.455
2019-04,14.5
2019-05,3112.765714285696
2019-06,92.25
2019-09,49.0
2019-11,56.1
2019-12,5.705
2020-01,3766.5649999999973
2020-03,46.3
2020-08,31.93
2020-12,14.55
