month,num_trips
2018-12,2319.0
2019-01,14.647058823529411
2019-02,7.153846153846154
2019-03,5.0
2019-04,7.5
2019-05,6.0
2019-06,45.0
2019-09,30.0
2019-11,9.0
2020-03,36.0
2020-08,6.0
2020-12,6.0
